Customer_ID,Transaction_Amount,Date,Product_Category
CUST_1,-999.0,"Oct 10, 2023",Home
CUST_2,4113.262061730134,05/12/2023,Clothing
CUST_3,2636.421967766432,2023-01-01,Home
CUST_4,982.4178599278329,2023-01-01,Clothing
CUST_5,2038.535899238195,2023.06.15,
CUST_6,4822.496967161582,05/12/2023,
CUST_7,1120.6447412812954,"Oct 10, 2023",Electronics
CUST_8,4902.449505143762,05/12/2023,
CUST_9,1488.1458405233536,05/12/2023,
CUST_10,685.4738722989705,"Oct 10, 2023",Electronics
CUST_11,3470.9605150390407,"Oct 10, 2023",
CUST_12,3343.680030897412,"Oct 10, 2023",Electronics
CUST_13,1207.9830743106113,05/12/2023,
CUST_14,1620.150575662606,2023.06.15,Home
CUST_15,2219.6875590477334,05/12/2023,Home
CUST_16,-999.0,"Oct 10, 2023",
CUST_17,2619.659367377478,05/12/2023,Clothing
CUST_18,1110.5696638256425,2023-01-01,Home
CUST_19,2412.7887873685772,05/12/2023,Electronics
CUST_20,207.4080585722175,"Oct 10, 2023",
CUST_21,4571.606594987442,2023.06.15,
CUST_22,792.0344802874797,2023-01-01,Home
CUST_23,952.9470337777401,05/12/2023,Electronics
CUST_24,1904.6392006635122,"Oct 10, 2023",Clothing
CUST_25,1136.553399090293,05/12/2023,
CUST_26,2875.9133305918745,2023.06.15,
CUST_27,336.5657168347897,2023.06.15,Electronics
CUST_28,3243.997952973627,"Oct 10, 2023",Home
CUST_29,4731.059119094809,05/12/2023,Clothing
CUST_30,4707.308422489077,"Oct 10, 2023",
CUST_31,-999.0,2023.06.15,Electronics
CUST_32,1693.9837819756574,2023-01-01,
CUST_33,2263.7620624983174,05/12/2023,
CUST_34,3391.0905942363456,2023.06.15,
CUST_35,2106.749253884445,2023-01-01,
CUST_36,2502.3449787369727,05/12/2023,Home
CUST_37,2697.268852326199,2023.06.15,Electronics
CUST_38,3614.3383761485566,05/12/2023,Electronics
CUST_39,2956.914616914822,2023.06.15,Electronics
CUST_40,3812.679078210107,2023.06.15,Clothing
CUST_41,1064.8135430581667,2023-01-01,
CUST_42,2049.402034329515,"Oct 10, 2023",Clothing
CUST_43,4334.785234556087,2023-01-01,Electronics
CUST_44,658.5149191796472,"Oct 10, 2023",
CUST_45,2477.0894291860727,05/12/2023,
CUST_46,-999.0,2023.06.15,Electronics
CUST_47,2327.0514343517957,"Oct 10, 2023",Home
CUST_48,2628.445754444707,05/12/2023,Clothing
CUST_49,4850.014303391663,05/12/2023,
CUST_50,4899.606867157798,2023.06.15,Electronics
CUST_51,2239.088105050859,2023.06.15,
CUST_52,1917.5974913881864,2023.06.15,Home
CUST_53,444.73628301756713,2023-01-01,Clothing
CUST_54,4147.999872387974,2023.06.15,Home
CUST_55,3289.1637528428437,2023.06.15,
CUST_56,4034.927664848457,05/12/2023,Electronics
CUST_57,1047.23115644772,05/12/2023,Electronics
CUST_58,4618.074995865956,"Oct 10, 2023",Home
CUST_59,2812.891185401786,"Oct 10, 2023",
CUST_60,1741.6131350930007,2023-01-01,
CUST_61,-999.0,2023-01-01,Electronics
CUST_62,4493.138764703746,2023-01-01,
CUST_63,4409.299264073896,2023-01-01,Home
CUST_64,4952.913450419292,05/12/2023,Electronics
CUST_65,1816.6426133429097,05/12/2023,Home
CUST_66,1165.1671496888584,2023.06.15,Electronics
CUST_67,3470.259475587532,2023-01-01,Clothing
CUST_68,2109.669152796262,"Oct 10, 2023",Home
CUST_69,1823.2559072895579,05/12/2023,
CUST_70,3763.6827297002374,"Oct 10, 2023",
CUST_71,708.9401770320312,2023.06.15,Home
CUST_72,4125.659862809857,"Oct 10, 2023",Home
CUST_73,4893.066130060477,"Oct 10, 2023",Home
CUST_74,4511.785431684188,"Oct 10, 2023",Home
CUST_75,3694.2265345339724,2023.06.15,
CUST_76,-999.0,2023-01-01,
CUST_77,2440.678232131661,"Oct 10, 2023",Home
CUST_78,1788.284153721134,"Oct 10, 2023",Clothing
CUST_79,2140.5318333025198,"Oct 10, 2023",Home
CUST_80,2809.7426091307193,2023.06.15,Electronics
CUST_81,1283.4762323721595,05/12/2023,Clothing
CUST_82,4517.688734133026,2023.06.15,
CUST_83,246.8925851684716,"Oct 10, 2023",Home
CUST_84,3670.8701411230068,2023.06.15,Clothing
CUST_85,2824.317360410957,2023.06.15,
CUST_86,1841.1160280052084,"Oct 10, 2023",
CUST_87,4779.330464567984,"Oct 10, 2023",Home
CUST_88,2365.1564055840454,05/12/2023,Clothing
CUST_89,2927.7532563589752,2023.06.15,Electronics
CUST_90,3116.627199074185,"Oct 10, 2023",Electronics
CUST_91,-999.0,2023-01-01,Electronics
CUST_92,2432.914327821524,2023-01-01,
CUST_93,2860.053828762629,2023.06.15,
CUST_94,4789.230128751168,05/12/2023,
CUST_95,1877.4331871278193,"Oct 10, 2023",Home
CUST_96,43.8395218817833,05/12/2023,Clothing
CUST_97,2262.44486664841,2023.06.15,Home
CUST_98,3354.3131700218332,2023-01-01,Home
CUST_99,969.8923125270695,"Oct 10, 2023",Clothing
CUST_100,3738.550415570543,05/12/2023,Clothing
CUST_101,4358.898826126823,2023.06.15,
CUST_102,2900.2267545405634,05/12/2023,Home
CUST_103,1266.3673165930475,"Oct 10, 2023",Electronics
CUST_104,376.1655611178702,"Oct 10, 2023",Electronics
CUST_105,1385.9664705626965,2023.06.15,Electronics
CUST_106,-999.0,05/12/2023,Home
CUST_107,186.46023541989615,2023.06.15,
CUST_108,4261.2860165698685,2023.06.15,Clothing
CUST_109,4301.863239423622,05/12/2023,
CUST_110,260.7493992512415,2023.06.15,Clothing
CUST_111,3689.694198317995,2023-01-01,
CUST_112,1827.4140295921818,"Oct 10, 2023",Home
CUST_113,1100.0187246181204,2023-01-01,Electronics
CUST_114,2823.556091227638,"Oct 10, 2023",Home
CUST_115,241.33604270449408,05/12/2023,Electronics
CUST_116,74.94752082235964,2023.06.15,
CUST_117,3795.281503057685,2023-01-01,Electronics
CUST_118,3162.5014587823475,05/12/2023,Electronics
CUST_119,3373.969958033599,2023-01-01,Home
CUST_120,2067.6893266366706,2023-01-01,Electronics
CUST_121,-999.0,2023.06.15,
CUST_122,3217.1740192726033,2023.06.15,Electronics
CUST_123,4987.343515180808,2023.06.15,Electronics
CUST_124,4876.110941784739,2023.06.15,Clothing
CUST_125,664.4279423202354,2023-01-01,
CUST_126,1998.2004361564443,"Oct 10, 2023",Electronics
CUST_127,224.21288946548756,"Oct 10, 2023",Electronics
CUST_128,1579.5160873231027,2023.06.15,Home
CUST_129,232.41128693203478,05/12/2023,Clothing
CUST_130,3453.273200440697,"Oct 10, 2023",Electronics
CUST_131,335.09754769721815,2023-01-01,
CUST_132,2955.7731451490786,05/12/2023,Home
CUST_133,3361.3783246079065,"Oct 10, 2023",Home
CUST_134,717.5642736198953,05/12/2023,Home
CUST_135,481.2492065346846,2023.06.15,Clothing
CUST_136,-999.0,05/12/2023,
CUST_137,3348.271399906776,"Oct 10, 2023",Electronics
CUST_138,4114.520169520181,05/12/2023,
CUST_139,3488.2373760455534,2023-01-01,
CUST_140,1385.001861924495,2023-01-01,Clothing
CUST_141,4021.077081657144,"Oct 10, 2023",Electronics
CUST_142,4052.0283986354525,"Oct 10, 2023",Clothing
CUST_143,708.2505079234512,2023-01-01,
CUST_144,2772.327456689692,05/12/2023,Clothing
CUST_145,1981.487344804823,2023.06.15,
CUST_146,2922.9139764649344,2023-01-01,Electronics
CUST_147,3961.0561454133976,"Oct 10, 2023",Home
CUST_148,2475.070126469044,"Oct 10, 2023",
CUST_149,4722.274807936916,05/12/2023,Clothing
CUST_150,3169.9480357542984,2023-01-01,Electronics
CUST_151,-999.0,2023.06.15,Electronics
CUST_152,1949.416348886971,2023-01-01,
CUST_153,3736.1705282200364,"Oct 10, 2023",
CUST_154,3665.7154420767783,05/12/2023,Clothing
CUST_155,2442.0225630138652,05/12/2023,
CUST_156,1903.9684726815601,2023-01-01,Clothing
CUST_157,3302.8767106180053,2023-01-01,Home
CUST_158,1176.1132223781372,2023-01-01,Home
CUST_159,4014.8187990720785,"Oct 10, 2023",
CUST_160,4120.688596097369,05/12/2023,Clothing
CUST_161,1140.8500933871574,"Oct 10, 2023",Clothing
CUST_162,4936.176668626651,2023.06.15,Clothing
CUST_163,3517.8442262402414,2023-01-01,
CUST_164,207.96958080948397,"Oct 10, 2023",Home
CUST_165,3172.5639579597632,2023-01-01,
CUST_166,-999.0,2023.06.15,Clothing
CUST_167,945.443971452688,"Oct 10, 2023",
CUST_168,4799.17824054579,05/12/2023,Electronics
CUST_169,1967.4908226425025,"Oct 10, 2023",
CUST_170,1847.2028580163312,05/12/2023,Clothing
CUST_171,1086.009211081656,"Oct 10, 2023",Electronics
CUST_172,3252.486581407509,"Oct 10, 2023",
CUST_173,218.3469235728448,"Oct 10, 2023",Clothing
CUST_174,321.58185889386726,2023.06.15,Home
CUST_175,3623.3140039316177,"Oct 10, 2023",Home
CUST_176,1676.1225926614184,2023.06.15,
CUST_177,4053.8712747721906,2023.06.15,
CUST_178,34.221686607952336,"Oct 10, 2023",Clothing
CUST_179,2755.2283092040866,2023.06.15,
CUST_180,627.2206021159107,"Oct 10, 2023",Clothing
CUST_181,-999.0,"Oct 10, 2023",Clothing
CUST_182,582.844181856369,2023.06.15,
CUST_183,1204.0940996559389,05/12/2023,Home
CUST_184,4672.386838283167,"Oct 10, 2023",Electronics
CUST_185,2487.1340581429035,2023.06.15,Home
CUST_186,2662.0395268833645,"Oct 10, 2023",Clothing
CUST_187,954.1276244090108,2023.06.15,
CUST_188,1554.2760901227064,"Oct 10, 2023",
CUST_189,2425.9634389379225,05/12/2023,Clothing
CUST_190,327.4672314573567,05/12/2023,
CUST_191,120.12474439649118,2023-01-01,Electronics
CUST_192,1540.3757416571195,2023-01-01,Clothing
CUST_193,3335.548083314719,05/12/2023,Clothing
CUST_194,4774.856731885377,2023.06.15,Clothing
CUST_195,1511.7792333233856,"Oct 10, 2023",
CUST_196,-999.0,2023.06.15,Clothing
CUST_197,800.9189569076542,2023.06.15,Home
CUST_198,1633.6101065686357,2023-01-01,Home
CUST_199,1778.7819301042853,"Oct 10, 2023",Clothing
CUST_200,3173.6619318513153,2023.06.15,Electronics
CUST_201,741.6616910660124,2023-01-01,Electronics
CUST_202,937.9257659469145,05/12/2023,Electronics
CUST_203,4656.500417452014,2023-01-01,Clothing
CUST_204,4340.363761130065,05/12/2023,Electronics
CUST_205,1707.914458816572,2023-01-01,Electronics
CUST_206,3955.983948240088,05/12/2023,
CUST_207,1187.8598079175565,2023-01-01,Home
CUST_208,1170.0797071268091,2023.06.15,Electronics
CUST_209,4339.248793155767,05/12/2023,Electronics
CUST_210,3413.22964634825,2023.06.15,Electronics
CUST_211,-999.0,2023.06.15,
CUST_212,1397.6005428098829,05/12/2023,Home
CUST_213,1784.2008281565338,2023-01-01,Clothing
CUST_214,3340.7497310002645,2023-01-01,Home
CUST_215,2557.3746919748182,05/12/2023,Home
CUST_216,4002.887778291091,"Oct 10, 2023",Electronics
CUST_217,456.1840941179356,2023-01-01,Home
CUST_218,1580.5444280490688,2023-01-01,Electronics
CUST_219,1600.1490859089297,05/12/2023,
CUST_220,3998.416853959577,05/12/2023,
CUST_221,2550.2378069789693,05/12/2023,Home
CUST_222,915.0401815526856,2023.06.15,
CUST_223,1582.788661608556,2023.06.15,Clothing
CUST_224,4266.444374017167,05/12/2023,Electronics
CUST_225,2500.0569086608275,05/12/2023,Clothing
CUST_226,-999.0,2023.06.15,Electronics
CUST_227,1741.1023291522017,2023.06.15,Home
CUST_228,3740.352788535975,05/12/2023,Home
CUST_229,781.3423162662964,05/12/2023,
CUST_230,3558.794111355713,"Oct 10, 2023",
CUST_231,1001.0826943764623,05/12/2023,Electronics
CUST_232,2843.4761412077482,05/12/2023,Clothing
CUST_233,2358.1962399410068,"Oct 10, 2023",Electronics
CUST_234,322.3254476251403,05/12/2023,
CUST_235,2292.1776173055086,2023.06.15,Home
CUST_236,2648.249201755652,"Oct 10, 2023",Electronics
CUST_237,1159.2615436343187,"Oct 10, 2023",
CUST_238,1642.7580496299922,"Oct 10, 2023",Clothing
CUST_239,1303.325122587733,2023.06.15,
CUST_240,357.32361227071766,2023-01-01,
CUST_241,-999.0,05/12/2023,Home
CUST_242,4011.1576724530905,"Oct 10, 2023",Clothing
CUST_243,3143.491034181518,"Oct 10, 2023",Home
CUST_244,1801.9812384237966,2023-01-01,Clothing
CUST_245,724.2580889322854,"Oct 10, 2023",Clothing
CUST_246,4939.35263450167,05/12/2023,Electronics
CUST_247,4968.978194728077,05/12/2023,Electronics
CUST_248,3781.0507780783614,"Oct 10, 2023",Clothing
CUST_249,369.0121989735537,2023-01-01,Clothing
CUST_250,2543.7386687589087,"Oct 10, 2023",Electronics
CUST_251,1705.8360851456298,"Oct 10, 2023",
CUST_252,4712.878893389369,2023-01-01,Home
CUST_253,1739.1201915872045,"Oct 10, 2023",Clothing
CUST_254,851.2915044266969,"Oct 10, 2023",Clothing
CUST_255,3169.9177205941837,"Oct 10, 2023",Clothing
CUST_256,-999.0,05/12/2023,
CUST_257,3671.8162816490817,05/12/2023,Electronics
CUST_258,1098.6596180805557,2023.06.15,Clothing
CUST_259,462.7289371564718,2023-01-01,Electronics
CUST_260,4452.356145431702,05/12/2023,Clothing
CUST_261,957.7221358062444,2023.06.15,Electronics
CUST_262,3715.532832158378,"Oct 10, 2023",
CUST_263,1641.140536605472,"Oct 10, 2023",Home
CUST_264,576.4950382605217,2023-01-01,Home
CUST_265,2394.4655650107966,2023-01-01,
CUST_266,2065.782914596637,2023-01-01,
CUST_267,1587.7913716384464,2023.06.15,Home
CUST_268,1028.220441124994,05/12/2023,Clothing
CUST_269,4204.424079514125,05/12/2023,Electronics
CUST_270,4801.668671818914,05/12/2023,
CUST_271,-999.0,2023.06.15,Home
CUST_272,816.6464366820474,2023-01-01,
CUST_273,4724.733108196381,"Oct 10, 2023",Electronics
CUST_274,2368.7300531484098,05/12/2023,Clothing
CUST_275,3750.6681754867363,2023-01-01,Electronics
CUST_276,3326.070942733371,"Oct 10, 2023",
CUST_277,3248.3571467235597,2023-01-01,Clothing
CUST_278,349.03154284328735,05/12/2023,Electronics
CUST_279,161.04604916704616,05/12/2023,Electronics
CUST_280,1423.8452161888183,2023.06.15,Clothing
CUST_281,1145.3187059367647,"Oct 10, 2023",Home
CUST_282,24.14840011435213,05/12/2023,Home
CUST_283,2530.373083742128,05/12/2023,Clothing
CUST_284,4505.006673018229,05/12/2023,
CUST_285,4456.383544120864,"Oct 10, 2023",Electronics
CUST_286,-999.0,05/12/2023,
CUST_287,4656.627788962198,05/12/2023,Home
CUST_288,4327.202966292829,2023-01-01,Clothing
CUST_289,2937.2616298254475,"Oct 10, 2023",Electronics
CUST_290,300.324054428357,"Oct 10, 2023",
CUST_291,190.10374826600625,"Oct 10, 2023",Home
CUST_292,3613.687038339872,2023.06.15,Electronics
CUST_293,1495.2738799290287,"Oct 10, 2023",Home
CUST_294,2722.1218022515545,05/12/2023,Clothing
CUST_295,1956.5067728204492,"Oct 10, 2023",Electronics
CUST_296,3886.2662241570724,2023.06.15,Electronics
CUST_297,774.7022480048549,05/12/2023,
CUST_298,1295.7511850432672,2023-01-01,Clothing
CUST_299,3040.8107678150936,"Oct 10, 2023",Clothing
CUST_300,1520.1674623126503,2023.06.15,Clothing
CUST_301,-999.0,05/12/2023,Home
CUST_302,2710.2287431146583,"Oct 10, 2023",Electronics
CUST_303,2077.609840673939,2023.06.15,
CUST_304,4919.266624326811,"Oct 10, 2023",
CUST_305,1202.7660717059305,"Oct 10, 2023",Electronics
CUST_306,1791.0926725333488,2023-01-01,Clothing
CUST_307,1583.6965662566597,05/12/2023,Electronics
CUST_308,1406.6734509531875,2023-01-01,Home
CUST_309,3866.2591611093208,2023.06.15,
CUST_310,3668.0212355066305,05/12/2023,Electronics
CUST_311,2096.4017788026667,"Oct 10, 2023",Home
CUST_312,4414.445717432873,2023.06.15,Home
CUST_313,2793.7644745094963,"Oct 10, 2023",
CUST_314,3172.0766364065603,2023-01-01,Electronics
CUST_315,1020.0429634402146,05/12/2023,
CUST_316,-999.0,05/12/2023,Electronics
CUST_317,3776.215246237597,05/12/2023,Electronics
CUST_318,2644.1784589966855,"Oct 10, 2023",Electronics
CUST_319,1556.8826616219083,2023.06.15,Clothing
CUST_320,3408.050518241163,2023.06.15,Home
CUST_321,1777.6566366280888,2023-01-01,Clothing
CUST_322,801.4585772757313,2023.06.15,Electronics
CUST_323,4702.937552532878,2023.06.15,Home
CUST_324,2541.114841984843,2023.06.15,Home
CUST_325,4085.6738288228207,05/12/2023,Home
CUST_326,4685.391719794754,"Oct 10, 2023",
CUST_327,2210.0136230432645,2023-01-01,Electronics
CUST_328,3162.386933513039,2023-01-01,Clothing
CUST_329,3766.5005250308927,"Oct 10, 2023",Clothing
CUST_330,4500.938251844215,2023-01-01,Home
CUST_331,-999.0,05/12/2023,Electronics
CUST_332,136.24929905305885,"Oct 10, 2023",
CUST_333,1969.6397352234296,05/12/2023,Electronics
CUST_334,1198.180782747784,"Oct 10, 2023",Home
CUST_335,529.6130616449278,05/12/2023,
CUST_336,4143.357663671857,2023.06.15,Home
CUST_337,4087.6061915000896,05/12/2023,Electronics
CUST_338,2842.2926750243373,2023.06.15,Home
CUST_339,1116.853340506943,2023.06.15,Clothing
CUST_340,2365.7568767357016,2023-01-01,
CUST_341,3951.011906660596,05/12/2023,Home
CUST_342,3779.6116436740654,2023-01-01,Home
CUST_343,1838.7128557062442,2023.06.15,Clothing
CUST_344,3369.8198464421775,"Oct 10, 2023",Home
CUST_345,560.4432138713786,2023-01-01,Home
CUST_346,-999.0,2023-01-01,Home
CUST_347,3982.6136751431404,05/12/2023,Clothing
CUST_348,427.0868322218699,2023.06.15,
CUST_349,2345.5389158912376,2023-01-01,Electronics
CUST_350,3617.710642541892,2023-01-01,Home
CUST_351,1033.6595640038054,"Oct 10, 2023",Electronics
CUST_352,329.0398505892541,05/12/2023,
CUST_353,353.4926736017855,05/12/2023,Clothing
CUST_354,303.92472429368723,2023-01-01,Clothing
CUST_355,4350.788474937268,"Oct 10, 2023",Electronics
CUST_356,1129.3936613878764,2023-01-01,Electronics
CUST_357,2145.451802057469,05/12/2023,Clothing
CUST_358,2371.9923111891057,2023-01-01,
CUST_359,1489.7337404635261,2023.06.15,
CUST_360,986.7718960015109,"Oct 10, 2023",Home
CUST_361,-999.0,2023.06.15,Electronics
CUST_362,1889.7421846589998,2023.06.15,Clothing
CUST_363,843.6458482318625,2023.06.15,Clothing
CUST_364,3702.47727898448,2023.06.15,
CUST_365,2216.656235639427,2023-01-01,Electronics
CUST_366,4531.447808503343,2023.06.15,Home
CUST_367,1882.0179805443624,2023.06.15,
CUST_368,3462.8838686034724,"Oct 10, 2023",Clothing
CUST_369,4886.212338057226,2023-01-01,Home
CUST_370,96.36870522851038,05/12/2023,Electronics
CUST_371,4871.2822101403235,"Oct 10, 2023",Home
CUST_372,2486.505217491169,"Oct 10, 2023",Home
CUST_373,3489.644291475411,2023-01-01,
CUST_374,865.2434691664433,05/12/2023,Home
CUST_375,1465.4679637860816,05/12/2023,Clothing
CUST_376,-999.0,"Oct 10, 2023",Home
CUST_377,1365.7592435411218,05/12/2023,Electronics
CUST_378,3976.65954215769,2023-01-01,Electronics
CUST_379,12.641260552242445,"Oct 10, 2023",Electronics
CUST_380,3183.097122063826,2023.06.15,Electronics
CUST_381,394.3677452494384,05/12/2023,
CUST_382,68.24507985217673,2023.06.15,
CUST_383,2477.470959371519,2023-01-01,Home
CUST_384,1604.680783424357,2023.06.15,
CUST_385,460.1859401162548,"Oct 10, 2023",Home
CUST_386,1940.5767884744703,2023.06.15,
CUST_387,2168.2356232573766,05/12/2023,Home
CUST_388,1266.6531583975761,2023-01-01,Clothing
CUST_389,1219.6552927690002,2023.06.15,
CUST_390,573.7218952805017,05/12/2023,Clothing
CUST_391,-999.0,2023.06.15,
CUST_392,4930.098543957782,2023-01-01,Home
CUST_393,2968.0788367776095,2023-01-01,Home
CUST_394,3191.2970168204147,05/12/2023,Clothing
CUST_395,4041.04047240509,2023.06.15,Home
CUST_396,362.0701333219506,"Oct 10, 2023",Clothing
CUST_397,332.080541932468,"Oct 10, 2023",Clothing
CUST_398,1759.1431466502988,05/12/2023,
CUST_399,2356.695690240156,"Oct 10, 2023",
CUST_400,4879.304648638201,2023-01-01,Home
CUST_401,1530.9342313347072,"Oct 10, 2023",Clothing
CUST_402,1129.1711279554218,"Oct 10, 2023",Electronics
CUST_403,2122.941686167804,05/12/2023,Clothing
CUST_404,543.5203310862711,"Oct 10, 2023",
CUST_405,2769.9256554534063,"Oct 10, 2023",Home
CUST_406,-999.0,2023-01-01,
CUST_407,4384.19838093927,2023.06.15,Clothing
CUST_408,4399.448210882719,2023-01-01,Home
CUST_409,1298.8126554199287,"Oct 10, 2023",Clothing
CUST_410,556.4342824800458,2023-01-01,
CUST_411,4784.237862110116,"Oct 10, 2023",
CUST_412,1057.9491841659756,2023-01-01,Home
CUST_413,1478.187892501906,"Oct 10, 2023",
CUST_414,296.4714491008332,"Oct 10, 2023",
CUST_415,2326.9212417452572,05/12/2023,Home
CUST_416,2501.6804853766494,2023-01-01,Electronics
CUST_417,4409.575881704445,05/12/2023,
CUST_418,1917.9389413178817,"Oct 10, 2023",Home
CUST_419,1945.3242186973132,2023.06.15,
CUST_420,4256.383207843261,"Oct 10, 2023",Clothing
CUST_421,-999.0,2023-01-01,Home
CUST_422,1559.282319952216,"Oct 10, 2023",Clothing
CUST_423,699.2406677186815,2023-01-01,
CUST_424,1313.8734257356105,"Oct 10, 2023",
CUST_425,1804.2671690709394,2023-01-01,Home
CUST_426,246.31402005082637,2023-01-01,
CUST_427,3344.654744198116,"Oct 10, 2023",
CUST_428,3700.305429627575,"Oct 10, 2023",Home
CUST_429,1837.4417313370855,2023-01-01,Electronics
CUST_430,3636.2749169597305,"Oct 10, 2023",Clothing
CUST_431,4572.7271205966545,05/12/2023,Home
CUST_432,183.471934831612,2023-01-01,Home
CUST_433,981.8964736167877,2023.06.15,Clothing
CUST_434,2988.7211320341135,"Oct 10, 2023",Electronics
CUST_435,1676.004578097708,2023.06.15,
CUST_436,-999.0,"Oct 10, 2023",
CUST_437,684.5206535396381,2023-01-01,
CUST_438,796.9699378248899,"Oct 10, 2023",
CUST_439,4710.251959679413,05/12/2023,
CUST_440,192.2224827423504,2023.06.15,
CUST_441,1684.6412153919998,"Oct 10, 2023",Clothing
CUST_442,4892.415960543315,2023.06.15,
CUST_443,4580.002403504506,"Oct 10, 2023",Home
CUST_444,2161.6947329758564,05/12/2023,Clothing
CUST_445,3663.3453548472166,2023.06.15,Electronics
CUST_446,331.6201880517116,2023-01-01,
CUST_447,933.9810816276691,2023-01-01,Clothing
CUST_448,3559.752953838279,2023.06.15,Home
CUST_449,4148.738852433598,"Oct 10, 2023",Clothing
CUST_450,3639.9170554069406,"Oct 10, 2023",
CUST_451,-999.0,2023.06.15,Electronics
CUST_452,4416.111604429745,2023-01-01,Clothing
CUST_453,4123.081569795248,05/12/2023,
CUST_454,3498.0022000777576,05/12/2023,Home
CUST_455,3977.4089337745836,2023-01-01,Clothing
CUST_456,1992.6643697241914,"Oct 10, 2023",Electronics
CUST_457,1183.9771650745508,"Oct 10, 2023",Electronics
CUST_458,4542.73663202617,2023-01-01,Home
CUST_459,4510.626328947146,"Oct 10, 2023",Home
CUST_460,4462.5488342990475,2023.06.15,
CUST_461,1195.9374401894906,"Oct 10, 2023",
CUST_462,2211.902172702465,05/12/2023,Electronics
CUST_463,1504.9552469067264,05/12/2023,Clothing
CUST_464,541.2496063309949,"Oct 10, 2023",Home
CUST_465,3063.6206887489043,2023-01-01,Electronics
CUST_466,-999.0,"Oct 10, 2023",Home
CUST_467,789.7236036631919,2023-01-01,Home
CUST_468,1913.1056109939284,"Oct 10, 2023",Home
CUST_469,3914.1964878730014,2023.06.15,
CUST_470,843.5039112824144,"Oct 10, 2023",Home
CUST_471,4090.568808218679,05/12/2023,Electronics
CUST_472,2981.218733568694,2023.06.15,Clothing
CUST_473,3644.4709705676105,"Oct 10, 2023",Clothing
CUST_474,767.8889768643907,05/12/2023,Home
CUST_475,4188.981652822452,2023-01-01,Home
CUST_476,1999.0314039760406,2023.06.15,Home
CUST_477,1279.8079198724438,05/12/2023,Electronics
CUST_478,4393.509541964557,05/12/2023,
CUST_479,3811.9631311831645,2023-01-01,
CUST_480,2748.4968123822987,2023.06.15,Home
CUST_481,-999.0,05/12/2023,Home
CUST_482,3513.7363485574574,2023.06.15,
CUST_483,3379.6303767745308,2023.06.15,
CUST_484,1591.6293764615932,05/12/2023,
CUST_485,2586.393874144519,2023-01-01,
CUST_486,4570.892026531932,2023.06.15,Clothing
CUST_487,1041.839035003259,"Oct 10, 2023",Home
CUST_488,4938.691713195094,05/12/2023,Home
CUST_489,2623.439469165411,"Oct 10, 2023",Electronics
CUST_490,4841.6815322231405,05/12/2023,Electronics
CUST_491,348.3616121794641,"Oct 10, 2023",Electronics
CUST_492,4278.680106366874,05/12/2023,Electronics
CUST_493,123.82727450729571,2023.06.15,Electronics
CUST_494,4895.386470142213,"Oct 10, 2023",Electronics
CUST_495,4705.700213657629,05/12/2023,Clothing
CUST_496,-999.0,2023.06.15,Clothing
CUST_497,3943.815807350314,"Oct 10, 2023",Clothing
CUST_498,2771.6811554457568,2023-01-01,Electronics
CUST_499,4185.244037198944,"Oct 10, 2023",Home
CUST_500,4353.70484975187,2023-01-01,Clothing
CUST_501,2414.318396186343,"Oct 10, 2023",Clothing
CUST_502,4885.204472944449,"Oct 10, 2023",
CUST_503,4770.50260998766,05/12/2023,
CUST_504,2126.528138648682,2023.06.15,
CUST_505,4644.904201145029,2023-01-01,Home
CUST_506,4361.329630048877,2023-01-01,
CUST_507,2199.982984145837,2023.06.15,Electronics
CUST_508,4292.037283897427,"Oct 10, 2023",Home
CUST_509,130.90791700757455,2023.06.15,Electronics
CUST_510,1356.047035893245,2023.06.15,Home
CUST_511,-999.0,2023-01-01,Electronics
CUST_512,3991.9164329679743,2023.06.15,Clothing
CUST_513,283.4985562551779,"Oct 10, 2023",Clothing
CUST_514,4855.443525229749,2023.06.15,Home
CUST_515,1350.0152702627263,05/12/2023,Electronics
CUST_516,2168.7601244250695,2023.06.15,Clothing
CUST_517,4759.33677357434,"Oct 10, 2023",
CUST_518,2750.581928176822,05/12/2023,Electronics
CUST_519,107.89883983610146,05/12/2023,Electronics
CUST_520,2791.8280662943157,"Oct 10, 2023",Electronics
CUST_521,3987.672436846914,"Oct 10, 2023",Clothing
CUST_522,4934.530269734876,2023.06.15,Electronics
CUST_523,2402.658943272721,2023-01-01,Clothing
CUST_524,1826.0110318490829,2023.06.15,Home
CUST_525,1801.037804883364,2023.06.15,
CUST_526,-999.0,05/12/2023,Electronics
CUST_527,4676.736666106861,05/12/2023,
CUST_528,4255.063062733904,2023.06.15,Electronics
CUST_529,2553.722420514542,"Oct 10, 2023",Home
CUST_530,3600.9469079239643,2023.06.15,Electronics
CUST_531,2256.884795252232,"Oct 10, 2023",Home
CUST_532,1138.4624443089665,2023-01-01,Clothing
CUST_533,4000.3597334832198,05/12/2023,
CUST_534,760.4837395599303,05/12/2023,Electronics
CUST_535,491.37108899470155,2023-01-01,Home
CUST_536,3799.682835057974,2023-01-01,Clothing
CUST_537,3878.2924497367485,2023-01-01,Electronics
CUST_538,709.5326255493829,"Oct 10, 2023",Home
CUST_539,2762.3632606741517,2023-01-01,Electronics
CUST_540,2386.9683977198342,2023.06.15,Clothing
CUST_541,-999.0,2023-01-01,Home
CUST_542,3150.503155061927,2023.06.15,Clothing
CUST_543,2257.566876292068,2023-01-01,
CUST_544,4618.454077573366,2023.06.15,
CUST_545,883.965146789121,05/12/2023,
CUST_546,1593.6518337511852,"Oct 10, 2023",Home
CUST_547,3013.708163272482,2023.06.15,Electronics
CUST_548,2012.6298614730194,05/12/2023,
CUST_549,3174.7481091247196,2023-01-01,Home
CUST_550,307.0701768986479,"Oct 10, 2023",
CUST_551,2644.0968456778533,05/12/2023,Home
CUST_552,2969.1117884683476,2023-01-01,Home
CUST_553,441.6533955597586,"Oct 10, 2023",Home
CUST_554,2163.7158403376166,"Oct 10, 2023",Electronics
CUST_555,1590.0666957260198,"Oct 10, 2023",Clothing
CUST_556,-999.0,2023.06.15,
CUST_557,630.38762610854,05/12/2023,Electronics
CUST_558,4561.761624770372,05/12/2023,Home
CUST_559,1212.6514438800532,2023.06.15,Home
CUST_560,1789.1004402542383,2023-01-01,Electronics
CUST_561,15.036986884431688,"Oct 10, 2023",Clothing
CUST_562,660.9959794683165,"Oct 10, 2023",Electronics
CUST_563,1445.0483098370032,2023.06.15,Electronics
CUST_564,3142.8025466756044,2023.06.15,Clothing
CUST_565,4635.491414525464,05/12/2023,
CUST_566,1539.5800529494647,2023-01-01,Home
CUST_567,3896.174848230927,2023.06.15,Clothing
CUST_568,1761.2897489657557,2023-01-01,Clothing
CUST_569,1485.057266489137,2023-01-01,Electronics
CUST_570,3051.7848766573356,05/12/2023,Home
CUST_571,-999.0,05/12/2023,
CUST_572,2972.651023738691,05/12/2023,Clothing
CUST_573,3291.920244713892,"Oct 10, 2023",Clothing
CUST_574,4030.426057140825,05/12/2023,Home
CUST_575,3052.498281672494,"Oct 10, 2023",
CUST_576,1150.7938367695804,"Oct 10, 2023",Electronics
CUST_577,1565.9318332067621,"Oct 10, 2023",Home
CUST_578,4474.238121001434,"Oct 10, 2023",
CUST_579,173.64484608611886,"Oct 10, 2023",
CUST_580,745.2346606609426,"Oct 10, 2023",Clothing
CUST_581,4187.550356692472,"Oct 10, 2023",
CUST_582,3768.5395476210633,2023.06.15,Electronics
CUST_583,1620.381491850094,2023-01-01,Home
CUST_584,2363.6464156339925,2023.06.15,
CUST_585,434.54973287495613,"Oct 10, 2023",Home
CUST_586,-999.0,"Oct 10, 2023",Electronics
CUST_587,3274.630468867806,05/12/2023,
CUST_588,4051.116022358442,"Oct 10, 2023",Electronics
CUST_589,4306.081956235499,"Oct 10, 2023",Clothing
CUST_590,2011.0117325400468,2023.06.15,Electronics
CUST_591,1473.0292652658766,2023.06.15,Home
CUST_592,887.9686892979349,2023-01-01,Clothing
CUST_593,1434.5553629369215,2023-01-01,Clothing
CUST_594,1486.346564805294,"Oct 10, 2023",Home
CUST_595,2376.3267613354355,05/12/2023,
CUST_596,2575.123778616157,05/12/2023,Electronics
CUST_597,3587.9007189768363,05/12/2023,Clothing
CUST_598,280.77830608559833,2023-01-01,Electronics
CUST_599,2576.4123066251996,05/12/2023,Home
CUST_600,3442.3467943312303,05/12/2023,
CUST_601,-999.0,"Oct 10, 2023",
CUST_602,4856.149351869484,2023-01-01,Clothing
CUST_603,4296.646003462996,2023.06.15,Electronics
CUST_604,313.40118110106863,2023.06.15,
CUST_605,367.6691900830991,2023.06.15,Home
CUST_606,4865.403613282376,"Oct 10, 2023",
CUST_607,4983.736932934806,"Oct 10, 2023",
CUST_608,2327.7258943975608,"Oct 10, 2023",Electronics
CUST_609,1545.0516483248946,"Oct 10, 2023",Electronics
CUST_610,4628.456486332101,05/12/2023,Home
CUST_611,1710.5803729699373,2023-01-01,Home
CUST_612,352.52156060928814,2023.06.15,
CUST_613,3386.1877577442865,"Oct 10, 2023",Electronics
CUST_614,889.6261187132696,"Oct 10, 2023",
CUST_615,3197.194565651555,2023-01-01,Home
CUST_616,-999.0,2023.06.15,Clothing
CUST_617,1164.3938246380417,05/12/2023,Clothing
CUST_618,2724.8419704520347,2023.06.15,Electronics
CUST_619,2232.0094765695753,05/12/2023,Home
CUST_620,4427.164337305091,2023-01-01,
CUST_621,1494.0313193094692,05/12/2023,Clothing
CUST_622,3042.184143574173,"Oct 10, 2023",
CUST_623,1703.7751379669646,2023-01-01,
CUST_624,3694.2927863224554,05/12/2023,Clothing
CUST_625,3212.860510397719,2023-01-01,Home
CUST_626,2992.884365127835,2023.06.15,Home
CUST_627,1041.2030549112612,2023.06.15,Home
CUST_628,2160.24727279401,05/12/2023,
CUST_629,588.5420839619015,2023.06.15,Electronics
CUST_630,2433.4846475103004,05/12/2023,
CUST_631,-999.0,05/12/2023,Electronics
CUST_632,1205.609304575164,2023.06.15,Clothing
CUST_633,2281.320989349663,05/12/2023,Home
CUST_634,4205.5004645391655,2023.06.15,Electronics
CUST_635,1121.099584073472,2023.06.15,Electronics
CUST_636,3168.701081127502,"Oct 10, 2023",Electronics
CUST_637,129.0088666111991,2023.06.15,
CUST_638,2666.6238201617766,"Oct 10, 2023",Clothing
CUST_639,2813.8568377153724,2023-01-01,Electronics
CUST_640,3861.108233265086,"Oct 10, 2023",Clothing
CUST_641,3801.176072595527,"Oct 10, 2023",Clothing
CUST_642,3369.4505853782434,2023-01-01,Home
CUST_643,4101.007867325678,2023-01-01,Home
CUST_644,2805.837939513191,05/12/2023,
CUST_645,880.8166681391695,2023.06.15,Electronics
CUST_646,-999.0,2023-01-01,Clothing
CUST_647,607.6576150948747,2023-01-01,Clothing
CUST_648,3465.60488811467,2023-01-01,Electronics
CUST_649,1774.385514335533,"Oct 10, 2023",Clothing
CUST_650,4834.857995702261,2023-01-01,Clothing
CUST_651,2725.4784630020636,05/12/2023,Clothing
CUST_652,313.81636636191035,2023-01-01,Clothing
CUST_653,909.0275869788279,2023.06.15,
CUST_654,3632.807871353022,"Oct 10, 2023",Clothing
CUST_655,3079.8516612249587,05/12/2023,
CUST_656,1603.045217176638,05/12/2023,Home
CUST_657,2681.292169895963,"Oct 10, 2023",Electronics
CUST_658,4409.591833626204,05/12/2023,Clothing
CUST_659,2185.3588592850138,"Oct 10, 2023",Electronics
CUST_660,2468.7378278206966,"Oct 10, 2023",Electronics
CUST_661,-999.0,2023-01-01,Electronics
CUST_662,2242.6315718610444,2023.06.15,Clothing
CUST_663,2780.390643323544,2023-01-01,Clothing
CUST_664,865.0837574085049,"Oct 10, 2023",
CUST_665,908.7741487387922,"Oct 10, 2023",
CUST_666,1715.658564043682,2023.06.15,Clothing
CUST_667,3592.2180286420485,2023-01-01,Clothing
CUST_668,1714.138799468267,2023.06.15,Clothing
CUST_669,4273.492501111597,2023.06.15,Home
CUST_670,3386.6982957725168,"Oct 10, 2023",Home
CUST_671,1664.127985872952,"Oct 10, 2023",Home
CUST_672,3934.0717195135344,05/12/2023,Electronics
CUST_673,675.6720160269014,2023-01-01,
CUST_674,3483.5710462697166,"Oct 10, 2023",Electronics
CUST_675,1942.19394770896,05/12/2023,Electronics
CUST_676,-999.0,2023.06.15,Clothing
CUST_677,4627.946366113461,2023.06.15,Home
CUST_678,2336.5815508554656,2023-01-01,Clothing
CUST_679,4437.753786444177,2023.06.15,
CUST_680,2460.6278340309163,2023-01-01,Home
CUST_681,4777.790983921305,05/12/2023,Home
CUST_682,1014.5900431978565,"Oct 10, 2023",Clothing
CUST_683,4844.041614335187,2023-01-01,Home
CUST_684,4751.671751950013,"Oct 10, 2023",
CUST_685,1922.269700266312,2023.06.15,Home
CUST_686,1219.009126140593,05/12/2023,Clothing
CUST_687,2557.93262789146,05/12/2023,Clothing
CUST_688,1156.5065914854329,2023-01-01,Electronics
CUST_689,2592.73124799391,2023-01-01,Home
CUST_690,2342.710855443676,2023-01-01,Home
CUST_691,-999.0,2023.06.15,Electronics
CUST_692,4123.806727389308,2023.06.15,Clothing
CUST_693,2549.3957067591937,"Oct 10, 2023",Home
CUST_694,4985.380808272856,2023-01-01,Electronics
CUST_695,2005.9199688294789,"Oct 10, 2023",
CUST_696,1656.3177728525548,2023.06.15,Clothing
CUST_697,2338.0268191115492,"Oct 10, 2023",Clothing
CUST_698,3211.6988615708497,2023-01-01,Clothing
CUST_699,1003.3516837145432,"Oct 10, 2023",Electronics
CUST_700,1720.3468426367522,05/12/2023,Home
CUST_701,4111.374603185356,05/12/2023,
CUST_702,4549.292645635962,2023-01-01,Electronics
CUST_703,4202.107860827886,2023.06.15,Clothing
CUST_704,1904.1088774284951,"Oct 10, 2023",Home
CUST_705,1529.7083302596955,2023-01-01,
CUST_706,-999.0,2023-01-01,Home
CUST_707,3076.562242876708,05/12/2023,Home
CUST_708,99.04523247238318,05/12/2023,
CUST_709,3562.716915316259,2023-01-01,Clothing
CUST_710,3923.042817482787,2023-01-01,
CUST_711,4781.030685774984,2023-01-01,Home
CUST_712,4165.106392566032,2023.06.15,Home
CUST_713,2580.9811507320874,2023-01-01,Electronics
CUST_714,2227.815112626818,05/12/2023,
CUST_715,4487.524909517435,2023.06.15,Clothing
CUST_716,4887.990410509176,"Oct 10, 2023",Clothing
CUST_717,672.2900376677464,2023-01-01,Electronics
CUST_718,3154.994283675337,2023.06.15,
CUST_719,4903.738401308215,2023-01-01,Clothing
CUST_720,3243.60165464999,2023.06.15,
CUST_721,-999.0,2023.06.15,
CUST_722,1291.9047205661498,2023.06.15,Electronics
CUST_723,2647.5571700662476,"Oct 10, 2023",Clothing
CUST_724,1756.2344620705596,2023.06.15,Clothing
CUST_725,3731.674422427036,2023.06.15,Clothing
CUST_726,3476.8045995168095,05/12/2023,Electronics
CUST_727,1780.400258136594,2023-01-01,Clothing
CUST_728,3692.8206470459186,"Oct 10, 2023",Electronics
CUST_729,3604.5637955385473,2023-01-01,Electronics
CUST_730,950.043166273268,"Oct 10, 2023",Electronics
CUST_731,1143.8287633322286,2023.06.15,
CUST_732,1240.9956667139966,2023.06.15,Clothing
CUST_733,3992.077012045945,05/12/2023,
CUST_734,3557.8368487741322,2023.06.15,Electronics
CUST_735,4908.280167294665,2023.06.15,Electronics
CUST_736,-999.0,"Oct 10, 2023",Home
CUST_737,3829.503183065313,05/12/2023,Clothing
CUST_738,384.50142617808274,05/12/2023,Electronics
CUST_739,2451.531433473557,2023.06.15,Clothing
CUST_740,49.987289091380475,2023.06.15,Electronics
CUST_741,4887.1036076288,05/12/2023,Home
CUST_742,3867.2178101591157,"Oct 10, 2023",Home
CUST_743,1116.5731747565803,05/12/2023,Home
CUST_744,4632.497295716039,2023-01-01,Electronics
CUST_745,4205.700971438342,2023-01-01,Electronics
CUST_746,3867.333562242275,05/12/2023,Clothing
CUST_747,93.72324550960695,2023-01-01,Home
CUST_748,2066.6348709814847,2023.06.15,Home
CUST_749,2830.6874725954553,2023-01-01,Clothing
CUST_750,3970.3333961169883,05/12/2023,Electronics
CUST_751,-999.0,2023-01-01,Electronics
CUST_752,2035.1476775118006,2023-01-01,
CUST_753,2619.202972481548,2023-01-01,Home
CUST_754,3037.8842397656813,"Oct 10, 2023",
CUST_755,3838.3230369139574,2023.06.15,Clothing
CUST_756,292.59450401737274,2023-01-01,Clothing
CUST_757,2824.8653901192138,"Oct 10, 2023",Clothing
CUST_758,807.3320770689254,2023-01-01,Clothing
CUST_759,3453.1608572994037,2023-01-01,Electronics
CUST_760,1202.8611483458774,05/12/2023,
CUST_761,1029.9333990111895,05/12/2023,Clothing
CUST_762,796.7247034629879,"Oct 10, 2023",Home
CUST_763,3705.566416295735,2023-01-01,Electronics
CUST_764,4252.701975535335,2023-01-01,
CUST_765,4518.539003185728,"Oct 10, 2023",Clothing
CUST_766,-999.0,"Oct 10, 2023",Home
CUST_767,384.82834701232014,2023.06.15,Electronics
CUST_768,130.25922430839597,"Oct 10, 2023",Electronics
CUST_769,4220.101496476543,2023.06.15,Home
CUST_770,2911.7854306275212,05/12/2023,
CUST_771,2120.857237294768,05/12/2023,
CUST_772,4595.7458327618715,2023-01-01,
CUST_773,3018.2731298842327,2023.06.15,Electronics
CUST_774,889.2089998522024,"Oct 10, 2023",Electronics
CUST_775,1192.6508003154822,"Oct 10, 2023",Home
CUST_776,746.0873081757021,2023-01-01,Electronics
CUST_777,3032.8380061143957,2023-01-01,Home
CUST_778,4997.635126717648,05/12/2023,Home
CUST_779,900.940341303619,2023.06.15,Home
CUST_780,1103.6597972572235,2023.06.15,
CUST_781,-999.0,"Oct 10, 2023",Home
CUST_782,4082.4420516709724,05/12/2023,
CUST_783,838.4162331814266,2023-01-01,Electronics
CUST_784,301.63693882133913,2023-01-01,Electronics
CUST_785,1109.0039581012545,2023.06.15,
CUST_786,3510.439106295314,05/12/2023,Clothing
CUST_787,161.93164857600343,2023.06.15,Home
CUST_788,3960.1173821862235,2023-01-01,Clothing
CUST_789,1824.8702024298968,2023-01-01,
CUST_790,3404.68259783879,2023-01-01,Clothing
CUST_791,4423.581712007372,2023.06.15,
CUST_792,882.0683510413729,05/12/2023,Clothing
CUST_793,4883.79800852056,2023.06.15,Home
CUST_794,2161.41152422696,"Oct 10, 2023",Clothing
CUST_795,447.30544538349693,2023.06.15,Home
CUST_796,-999.0,2023-01-01,Clothing
CUST_797,913.1705829029119,"Oct 10, 2023",
CUST_798,2464.597079506979,2023.06.15,Home
CUST_799,1558.706238041939,2023-01-01,Home
CUST_800,4590.392715673449,"Oct 10, 2023",Electronics
CUST_801,1186.2949080591736,2023-01-01,
CUST_802,2584.4719686171816,2023-01-01,
CUST_803,2155.266797901177,"Oct 10, 2023",
CUST_804,1702.7737267365558,2023.06.15,Clothing
CUST_805,741.5402727939907,2023-01-01,Clothing
CUST_806,4590.970614692912,2023.06.15,Clothing
CUST_807,3212.901389445542,2023-01-01,Electronics
CUST_808,85.16080291920895,05/12/2023,Home
CUST_809,3912.5099948644056,"Oct 10, 2023",Home
CUST_810,2689.90198705739,2023.06.15,
CUST_811,-999.0,2023.06.15,Clothing
CUST_812,296.4590012094369,"Oct 10, 2023",Electronics
CUST_813,838.3819464931537,05/12/2023,Clothing
CUST_814,1786.3007796933189,2023-01-01,
CUST_815,2346.0767131425623,2023.06.15,Home
CUST_816,1951.604509372516,"Oct 10, 2023",
CUST_817,4058.7655505656803,2023.06.15,
CUST_818,2671.7528346105287,"Oct 10, 2023",Clothing
CUST_819,2232.6129830578902,2023-01-01,Clothing
CUST_820,931.0609797747674,05/12/2023,Clothing
CUST_821,1651.4199275929607,05/12/2023,Electronics
CUST_822,599.607812808879,2023-01-01,Clothing
CUST_823,168.21927193683683,05/12/2023,Clothing
CUST_824,1229.8526893285814,05/12/2023,Home
CUST_825,593.6468728825247,"Oct 10, 2023",
CUST_826,-999.0,"Oct 10, 2023",Clothing
CUST_827,3809.798568541203,05/12/2023,
CUST_828,1454.6470854343604,2023-01-01,Clothing
CUST_829,1511.6552258468382,05/12/2023,Electronics
CUST_830,1991.6321516863616,05/12/2023,Clothing
CUST_831,4637.2862415531245,"Oct 10, 2023",Home
CUST_832,4895.7422475440335,05/12/2023,Home
CUST_833,3626.734985355228,2023.06.15,Electronics
CUST_834,4239.455279468806,2023.06.15,Home
CUST_835,1294.5160100954665,05/12/2023,
CUST_836,2982.566400492528,"Oct 10, 2023",Home
CUST_837,3656.947328231759,05/12/2023,Clothing
CUST_838,2853.8830189827036,05/12/2023,
CUST_839,3374.2807304167623,2023-01-01,Home
CUST_840,625.4703661980311,05/12/2023,Clothing
CUST_841,-999.0,"Oct 10, 2023",
CUST_842,3586.7746395667023,2023-01-01,Electronics
CUST_843,1639.8318355950703,2023.06.15,Clothing
CUST_844,3020.2238356023345,"Oct 10, 2023",Electronics
CUST_845,2308.2184645715474,05/12/2023,Home
CUST_846,3311.73821965352,05/12/2023,Home
CUST_847,3400.9234824194286,2023.06.15,Electronics
CUST_848,2683.096517123031,2023.06.15,Electronics
CUST_849,2639.624183059584,05/12/2023,Electronics
CUST_850,2448.098537217237,2023.06.15,Electronics
CUST_851,4574.343563379439,"Oct 10, 2023",Home
CUST_852,4832.732812259764,2023-01-01,
CUST_853,2492.0111978086898,2023.06.15,
CUST_854,4131.0025478897105,2023-01-01,
CUST_855,4267.266117539145,"Oct 10, 2023",Clothing
CUST_856,-999.0,2023.06.15,Electronics
CUST_857,2251.567453141341,"Oct 10, 2023",Electronics
CUST_858,4410.207914563073,05/12/2023,Electronics
CUST_859,4292.904367841521,2023-01-01,Electronics
CUST_860,4498.097181442756,"Oct 10, 2023",Electronics
CUST_861,395.3712360079962,"Oct 10, 2023",Home
CUST_862,738.9941995706064,2023.06.15,Electronics
CUST_863,1255.8382850066228,2023.06.15,Electronics
CUST_864,3720.4572054043138,2023-01-01,Clothing
CUST_865,909.3474422518724,"Oct 10, 2023",Home
CUST_866,4042.0155944588055,2023-01-01,
CUST_867,1551.3378721164147,2023-01-01,Electronics
CUST_868,63.81451357082342,"Oct 10, 2023",Home
CUST_869,4703.421646487255,"Oct 10, 2023",
CUST_870,3810.2362082653813,2023-01-01,Electronics
CUST_871,-999.0,2023-01-01,Electronics
CUST_872,2082.4052875741954,"Oct 10, 2023",
CUST_873,1600.0777302537483,05/12/2023,Electronics
CUST_874,1213.4913256151226,2023-01-01,Electronics
CUST_875,4090.9319098242495,2023.06.15,Home
CUST_876,268.7799605519822,05/12/2023,
CUST_877,50.4565818452387,05/12/2023,
CUST_878,2557.343135873857,"Oct 10, 2023",Electronics
CUST_879,3602.935668280505,2023.06.15,Electronics
CUST_880,153.10256432396588,2023.06.15,Home
CUST_881,1898.4841298188667,05/12/2023,Clothing
CUST_882,1402.1711811258365,2023.06.15,Clothing
CUST_883,622.2596016163873,"Oct 10, 2023",Electronics
CUST_884,4153.707260938014,05/12/2023,Home
CUST_885,1058.0583608768607,2023-01-01,Clothing
CUST_886,-999.0,05/12/2023,Home
CUST_887,4159.952992067947,2023-01-01,Clothing
CUST_888,4015.9842120552976,05/12/2023,
CUST_889,1279.151158510748,2023.06.15,
CUST_890,1723.4925533930923,2023-01-01,Electronics
CUST_891,597.044283340557,2023.06.15,Home
CUST_892,212.42420727825956,"Oct 10, 2023",Clothing
CUST_893,3900.4262275281894,"Oct 10, 2023",Electronics
CUST_894,4400.347386160699,2023-01-01,Electronics
CUST_895,2471.799896338224,05/12/2023,Electronics
CUST_896,2882.030800404375,2023-01-01,Home
CUST_897,1315.5578178884916,2023.06.15,Home
CUST_898,4240.155175589928,05/12/2023,Home
CUST_899,1543.082251626726,05/12/2023,Clothing
CUST_900,1311.7164049112848,"Oct 10, 2023",Home
CUST_901,-999.0,05/12/2023,Electronics
CUST_902,2159.5406488084213,2023-01-01,Electronics
CUST_903,4480.516047105257,2023.06.15,Home
CUST_904,2911.6634636034464,"Oct 10, 2023",
CUST_905,3883.171836220196,2023.06.15,Clothing
CUST_906,2388.124218924856,2023.06.15,Clothing
CUST_907,2718.4723819769843,2023.06.15,
CUST_908,4282.601687429189,2023-01-01,Electronics
CUST_909,3282.7691590037457,"Oct 10, 2023",Clothing
CUST_910,1571.8050513777548,05/12/2023,
CUST_911,2849.2586600048044,"Oct 10, 2023",
CUST_912,4204.494790127583,"Oct 10, 2023",Electronics
CUST_913,934.1619661740892,05/12/2023,Electronics
CUST_914,4343.615325331106,"Oct 10, 2023",Electronics
CUST_915,1139.4547622518637,2023.06.15,Home
CUST_916,-999.0,2023.06.15,
CUST_917,3920.19363366244,2023.06.15,Electronics
CUST_918,728.642285710892,"Oct 10, 2023",Home
CUST_919,716.8923551261136,05/12/2023,Home
CUST_920,1648.5250914482929,2023.06.15,Electronics
CUST_921,4588.5609122327505,05/12/2023,Electronics
CUST_922,2746.502888968267,2023.06.15,Home
CUST_923,4308.615825968866,"Oct 10, 2023",Clothing
CUST_924,3465.422435063333,"Oct 10, 2023",Electronics
CUST_925,4105.0959507545485,"Oct 10, 2023",Home
CUST_926,4091.106392125835,05/12/2023,Clothing
CUST_927,2683.5090952874543,2023.06.15,Electronics
CUST_928,1178.5988475575139,"Oct 10, 2023",Home
CUST_929,4072.370937317341,2023-01-01,Electronics
CUST_930,4245.329075671831,05/12/2023,
CUST_931,-999.0,"Oct 10, 2023",Clothing
CUST_932,4967.51920985671,2023.06.15,Home
CUST_933,2792.696651804615,05/12/2023,Clothing
CUST_934,4965.931774487286,"Oct 10, 2023",Electronics
CUST_935,2505.889674114328,05/12/2023,Electronics
CUST_936,1062.1282144005302,05/12/2023,Clothing
CUST_937,2144.0198791253047,2023-01-01,Clothing
CUST_938,3186.7814935578167,2023-01-01,Clothing
CUST_939,2237.3092637486943,2023.06.15,Clothing
CUST_940,4035.15602334618,"Oct 10, 2023",Electronics
CUST_941,3003.188989312742,05/12/2023,Electronics
CUST_942,4875.069689985708,2023-01-01,
CUST_943,680.8351681614358,2023.06.15,Clothing
CUST_944,1941.7670843153069,"Oct 10, 2023",Clothing
CUST_945,1820.6701150923095,2023-01-01,Clothing
CUST_946,-999.0,"Oct 10, 2023",Electronics
CUST_947,2894.339120320424,2023.06.15,Home
CUST_948,2145.7298322759084,2023.06.15,Electronics
CUST_949,1879.2641599929536,2023-01-01,Clothing
CUST_950,2816.411596684016,2023.06.15,Electronics
CUST_951,11.876801703286887,2023-01-01,Electronics
CUST_952,1202.5093955137831,"Oct 10, 2023",Home
CUST_953,2980.2645273323087,2023.06.15,
CUST_954,227.88380680960765,2023-01-01,Clothing
CUST_955,908.8396389765124,05/12/2023,Clothing
CUST_956,741.6271988362573,05/12/2023,Home
CUST_957,4447.297849369552,2023.06.15,Home
CUST_958,4131.661891303425,05/12/2023,
CUST_959,1166.9847856213546,"Oct 10, 2023",Electronics
CUST_960,2328.6273654087427,"Oct 10, 2023",Clothing
CUST_961,-999.0,2023.06.15,
CUST_962,4528.6348731617545,05/12/2023,
CUST_963,1021.8715325207767,05/12/2023,
CUST_964,507.02446276315004,05/12/2023,
CUST_965,162.99626219714682,2023.06.15,Home
CUST_966,1966.1444975838403,2023.06.15,Electronics
CUST_967,4466.678440180082,"Oct 10, 2023",Clothing
CUST_968,1102.2453981942751,2023.06.15,Electronics
CUST_969,3097.950766642928,05/12/2023,Clothing
CUST_970,4843.258838335668,2023.06.15,Clothing
CUST_971,3913.449562545489,2023.06.15,
CUST_972,1531.6625322714742,2023.06.15,Home
CUST_973,3559.9637500436706,05/12/2023,Electronics
CUST_974,3039.0854050452385,"Oct 10, 2023",Clothing
CUST_975,1924.5734942695922,2023.06.15,Home
CUST_976,-999.0,"Oct 10, 2023",
CUST_977,2014.4609079414524,05/12/2023,Home
CUST_978,419.0619556643748,2023-01-01,Home
CUST_979,3816.9960875813363,"Oct 10, 2023",Clothing
CUST_980,4687.756722502537,2023-01-01,
CUST_981,1791.1199821862626,05/12/2023,Home
CUST_982,4069.6437082746465,2023-01-01,Clothing
CUST_983,31.08330949700053,2023-01-01,Home
CUST_984,3760.895086306843,2023-01-01,
CUST_985,755.6314367291682,2023-01-01,Clothing
CUST_986,1764.8173152794336,"Oct 10, 2023",Home
CUST_987,1899.1075331761467,05/12/2023,Electronics
CUST_988,1977.145191232153,2023-01-01,Clothing
CUST_989,877.7799107353669,2023.06.15,
CUST_990,1649.4150180480933,05/12/2023,Electronics
CUST_991,-999.0,2023.06.15,
CUST_992,2759.128752784442,05/12/2023,Home
CUST_993,1687.771474685832,2023-01-01,Electronics
CUST_994,441.8804672911642,2023-01-01,Clothing
CUST_995,1530.7920285799187,05/12/2023,Home
CUST_996,1908.7913409988075,2023.06.15,Electronics
CUST_997,989.7364439134157,2023-01-01,
CUST_998,3333.6727164909066,05/12/2023,Electronics
CUST_999,4815.663562916838,2023-01-01,Electronics
CUST_1000,2120.256848072522,"Oct 10, 2023",Clothing
